{
    "r": [
        5.0
    ],
    "epochs": 10000,
    "runs": 1,
    "L_num": 200,
    "alpha": 0.001,
    "gamma": 0.99,
    "clip_epsilon": 0.2,
    "question": 2,
    "ppo_epochs": 1,
    "batch_size": 1,
    "gae_lambda": 0.95,
    "device": "cuda",
    "xticks": [
        0,
        1,
        10,
        100,
        1000,
        10000
    ],
    "fra_yticks": [
        0.0,
        0.1,
        0.2,
        0.3,
        0.4,
        0.5,
        0.6,
        0.7,
        0.8,
        0.9,
        1.0
    ],
    "profite_yticks": [
        0,
        2,
        3,
        4,
        5,
        6,
        7,
        8,
        9,
        10,
        11,
        12,
        13,
        14,
        15
    ],
    "start_time": "2025_07_02_182448",
    "seed": 41,
    "delta": 0.5,
    "rho": 0.01
}