{
    "r": [
        4.9
    ],
    "epochs": 10000,
    "runs": 1,
    "L_num": 200,
    "alpha": 0.01,
    "gamma": 0.96,
    "clip_epsilon": 0.2,
    "question": 1,
    "ppo_epochs": 1,
    "batch_size": 1,
    "gae_lambda": 0.95,
    "device": "cuda",
    "xticks": [
        0,
        1,
        10,
        100,
        1000,
        10000
    ],
    "fra_yticks": [
        0.0,
        0.2,
        0.4,
        0.6,
        0.8,
        1.0
    ],
    "profite_yticks": [
        0,
        2,
        3,
        4,
        5,
        6,
        7,
        8,
        9,
        10,
        11,
        12,
        13,
        14,
        15
    ],
    "start_time": "2025_07_02_184231",
    "seed": 41,
    "delta": 0.5,
    "rho": 0.001,
    "pretrained_path": "data/PPO_2025_07_02_182448_q2_e_10000_L_200_a_0.001_g_0.99_ce_0.2_gl_0.95_p_1_b_1_delta_0.5_rho_0.01_seed_41/checkpoint/model_r5.0_epoch1000.pth"
}